Username,Password
jldasjasd,$2y$10$u/IIUJwtJdJ4yKJGdxhGf.ChVXG0wCvIoQKK3S01YtzHRMh0MxIa.
hello,$2y$10$sAlMqZuz5EHeX8w43Fh6GuMFLFh28sq1lQKR/0PeCcxgAPbYZVP/i
hello,$2y$10$3LqSooMZkPk7X97NmxvSU.V5OZNPiaKwMD1FeBp0Kd5pUXRBJ6JA.
dasaassd,$2y$10$zPSPhIGSEdV4BVqqRW7baudCGUpydrzpY1xdASWBy9.lYY9CRGUly
hello,$2y$10$rD1QflXf2tNJdD8VElzJHOxJjY3ZUEtIsCR2a5qMEkz56YJwGMey2
kjaslas,$2y$10$z63hnDBWNj4F2sLq4lUiJu2TI2f3JxLcc/01E1ZKXKkq361wMXve.
kjaslas,$2y$10$mEqZxDldD253yuRXwe32q.df7.wFODSURjFtAANSGdfpnPABuYzXK
sadasd,$2y$10$rvVn2DkVTGVAuTtoWboZXuaBz2pDr/s2gVAwBU4hf4VVQ/wScvlLC
sadasd,$2y$10$P3kCM5KOIeekJ8XsJNqO3eK5bDUgpn1RGnWiHdBZY2FAgdU8O2fV2
jsjkjasks,$2y$10$ZKd6UzMk4W39SWqBbxSeN.1neGBraxmBkM1r8SW/M4u.bYhGD8Vs6
jsjkjasks,$2y$10$VkWQG/8./Q6E13fOTQuCm.mEPhR5be20OORQHLsz63Krl4ShNA7pi
sajkhajs,$2y$10$iiBU8gTj0fKlf3arrqYWMeym1HS112mfrHBw3a9WTjw0oINgvHdnG
sajkhajs,$2y$10$XvY57hNn4nXKZrKAy5bere2PEFNOx9.8HnfwzvWAr5/OKJvVxIHGK
sajkhajs,$2y$10$ImDRST.ntVfaC60aUuIuve8RM2xpHTzEbr2WE1cXFWN75sKe0GnlK
sajkhajs,$2y$10$69HU9eePLv4bx4du58U4de5g09U8E9msLF.LW29Pc8o2eBZGvQ972
sajkhajs,$2y$10$P0kbtERAQoiTbffAaq57iOsnQp4/ehNX5M86koLDMzMw7DBDkXLem
sajkhajs,$2y$10$NxTaB59EaEFC5exSigvzJ.UeFkFhxiHLJZ1VEGph.ICAYMsBp8j36
xzc,$2y$10$g.mSFPnWDM17FTZj/crOrOry7UNH95jnZcs6jsGVoTBWBQD/trj0S
213,$2y$10$J7sxZ/rGJ66VLvus/nnkKueTPnQuQPvUS4ZArcTEKmhm0j/wyoVYC
213,$2y$10$vYc4ehTkbRuZ5pA0ZGNLdO63wezhmsKvQCCBZKprIbnI3jxCyXDdq
213,$2y$10$MVRaY2imuhUijfoOZPoAxuCX7agXiiC0XXz2CacU.kE/nwZSlZ60K
213,$2y$10$1rz73ny9vLGBBI02XQ.IAOFIXLF9fhsnTtlYEDKS7LRfdhdheTCEC
sad,$2y$10$cth5FPB8AFKK3PSD2uVBJ.obfknDwiqbybq/8Xs3n65l91/soSfY.
kljasdnjjadh,$2y$10$QmrMPOUqoE4C6Nxa8oyHne7uacd0k6UyljyUxxVRQewc0WQDZ4mV.
